g,x,mean_w,p_prime
0,0.005,,
1,0.005,1.000250000,0.00512434391402149462634341414646338415396150962259435141214696
2,0.00512434391402149462634341414646338415396150962259435141214696,1.00025621719570107473131717070732316920769807548112971757061,0.00525176339229690134500078011034811947572178595362414947788356
3,0.00525176339229690134500078011034811947572178595362414947788356,1.00026258816961484506725003900551740597378608929768120747389,0.00538233366542707976826429022374804979890612030388011734398400
4,0.00538233366542707976826429022374804979890612030388011734398400,1.00026911668327135398841321451118740248994530601519400586720,0.00551613176187066410171498837464778877073910801629192463578709
5,0.00551613176187066410171498837464778877073910801629192463578709,1.00027580658809353320508574941873238943853695540081459623179,0.00565323654877358575957475027026414783830108873670849572499167
6,0.00565323654877358575957475027026414783830108873670849572499167,1.00028266182743867928797873751351320739191505443683542478625,0.00579372877361700050106314335042568938667551282138740462892921
7,0.00579372877361700050106314335042568938667551282138740462892921,1.00028968643868085002505315716752128446933377564106937023145,0.00593769110669429622663819232022063279343596387567093875723052
8,0.00593769110669429622663819232022063279343596387567093875723052,1.00029688455533471481133190961601103163967179819378354693786,0.00608520818442766357157304885422194112013904672770035564759790
9,0.00608520818442766357157304885422194112013904672770035564759790,1.00030426040922138317857865244271109705600695233638501778238,0.00623636665353449180395764571668250829423835012147595463450254
10,0.00623636665353449180395764571668250829423835012147595463450254,1.00031181833267672459019788228583412541471191750607379773172,0.00639125521605360576941940427617171532596445330501559028873606
11,0.00639125521605360576941940427617171532596445330501559028873606,1.00031956276080268028847097021380858576629822266525077951444,0.00654996467524108415217690083935834560669701685905263792147373
12,0.00654996467524108415217690083935834560669701685905263792147373,1.00032749823376205420760884504196791728033485084295263189607,0.00671258798234509349777334165965829963262266069759089709240582
13,0.00671258798234509349777334165965829963262266069759089709240582,1.00033562939911725467488866708298291498163113303487954485462,0.00687922028426883455071646229483079986943662085645864443997434
14,0.00687922028426883455071646229483079986943662085645864443997434,1.00034396101421344172753582311474153999347183104282293222200,0.00704995897213032570911236736322765872856481909980140438243884
15,0.00704995897213032570911236736322765872856481909980140438243884,1.00035249794860651628545561836816138293642824095499007021912,0.00722490373072734091980962441058462864250646086318498209410745
16,0.00722490373072734091980962441058462864250646086318498209410745,1.00036124518653636704599048122052923143212532304315924910471,0.00740415658891537418355076006626262441951846716343612563666939
17,0.00740415658891537418355076006626262441951846716343612563666939,1.00037020782944576870917753800331313122097592335817180628183,0.00758782197090601798018781110721560545072282859939826175220715
18,0.00758782197090601798018781110721560545072282859939826175220715,1.00037939109854530089900939055536078027253614142996991308761,0.00777600674849261624487909768220083168122681933960145170196758
19,0.00777600674849261624487909768220083168122681933960145170196758,1.00038880033742463081224395488411004158406134096698007258510,0.00796882029420948182643402969517484015233006242512240033610186
20,0.00796882029420948182643402969517484015233006242512240033610186,1.00039844101471047409132170148475874200761650312125612001681,0.00816637453543035134876203754382932102183844586253404839312502
21,0.00816637453543035134876203754382932102183844586253404839312502,1.00040831872677151756743810187719146605109192229312670241966,0.00836878400941108469465734346220095445138491361486801017873870
22,0.00836878400941108469465734346220095445138491361486801017873870,1.00041843920047055423473286717311004772256924568074340050894,0.00857616591928089946343890480018197731507346564480313230200069
23,0.00857616591928089946343890480018197731507346564480313230200069,1.00042880829596404497317194524000909886575367328224015661510,0.00878864019098566015021355572974528906021579267209177307650922
24,0.00878864019098566015021355572974528906021579267209177307650922,1.00043943200954928300751067778648726445301078963360458865383,0.00900632953118591478703302056642920400288045573883968603800666
25,0.00900632953118591478703302056642920400288045573883968603800666,1.00045031647655929573935165102832146020014402278694198430190,0.00922935948611148560762023203917608770679544225326520503549273
26,0.00922935948611148560762023203917608770679544225326520503549273,1.00046146797430557428038101160195880438533977211266326025177,0.00945785850137347207877011202043821915285538351871094973534177
27,0.00945785850137347207877011202043821915285538351871094973534177,1.00047289292506867360393850560102191095764276917593554748677,0.00969195798273351141082766536005175272591313675966524453976096
28,0.00969195798273351141082766536005175272591313675966524453976096,1.00048459789913667557054138326800258763629565683798326222699,0.00993179235782906033976632358510482830292934362486378796214377
29,0.00993179235782906033976632358510482830292934362486378796214377,1.00049658961789145301698831617925524141514646718124318939811,0.0101774991388523093809562425594202058561419704353188924284974
30,0.0101774991388523093809562425594202058561419704353188924284974,1.00050887495694261546904781212797101029280709852176594462143,0.0104292189861791135987686144046558808869480607028112894021956
31,0.0104292189861791135987686144046558808869480607028112894021956,1.00052146094930895567993843072023279404434740303514056447011,0.0106870957729430188171335729182087601300065918309246078064075
32,0.0106870957729430188171335729182087601300065918309246078064075,1.00053435478864715094085667864591043800650032959154623039032,0.0109512766505480756050704703392926803860996361483099316890567
33,0.0109512766505480756050704703392926803860996361483099316890567,1.00054756383252740378025352351696463401930498180741549658445,0.0112219121151126616891211537474328793193751538249255533452460
34,0.0112219121151126616891211537474328793193751538249255533452460,1.00056109560575563308445605768737164396596875769124627766726,0.0114991560748349729424667289969614522802120154489229117920652
35,0.0114991560748349729424667289969614522802120154489229117920652,1.00057495780374174864712333644984807261401060077244614558960,0.0117831659182691899391857343368505065501358034553276230949962
36,0.0117831659182691899391857343368505065501358034553276230949962,1.00058915829591345949695928671684252532750679017276638115475,0.0120741025834995772929560265625918689901736911476018688342782
37,0.0120741025834995772929560265625918689901736911476018688342782,1.00060370512917497886464780132812959344950868455738009344171,0.0123721306281979225652009698675595186022426427885066372474168
38,0.0123721306281979225652009698675595186022426427885066372474168,1.00061860653140989612826004849337797593011213213942533186237,0.0126774183005477662636162777456049125501486641074014525937275
39,0.0126774183005477662636162777456049125501486641074014525937275,1.00063387091502738831318081388728024562750743320537007262969,0.0129901376110168100881113320130598299406713190604437596896074
40,0.0129901376110168100881113320130598299406713190604437596896074,1.00064950688055084050440556660065299149703356595302218798448,0.0133104644049567127443087203920609810085321885273803637852705
41,0.0133104644049567127443087203920609810085321885273803637852705,1.00066552322024783563721543601960304905042660942636901818926,0.0136385784360071868616225707095356359642312375590781264528620
42,0.0136385784360071868616225707095356359642312375590781264528620,1.00068192892180035934308112853547678179821156187795390632264,0.0139746634402788922538597410747715831707999605994859222691010
43,0.0139746634402788922538597410747715831707999605994859222691010,1.00069873317201394461269298705373857915853999802997429611346,0.0143189072112870752833848117063006644497313124384198716493285
44,0.0143189072112870752833848117063006644497313124384198716493285,1.00071594536056435376416924058531503322248656562192099358247,0.0146715016756052266862153398130156799757705378605848813119069
45,0.0146715016756052266862153398130156799757705378605848813119069,1.00073357508378026133431076699065078399878852689302924406559,0.0150326429692052160548555425994672807217313520225365935076611
46,0.0150326429692052160548555425994672807217313520225365935076611,1.00075163214846026080274277712997336403608656760112682967538,0.0154025315144474053537469906858478200817773756931513116178886
47,0.0154025315144474053537469906858478200817773756931513116178886,1.00077012657572237026768734953429239100408886878465756558089,0.0157813720976811413878028465264661654028487142042854528327672
48,0.0157813720976811413878028465264661654028487142042854528327672,1.00078906860488405706939014232632330827014243571021427264164,0.0161693739474127730286464275313773976569503941125550699836380
49,0.0161693739474127730286464275313773976569503941125550699836380,1.00080846869737063865143232137656886988284751970562775349918,0.0165667508129949281489974161538511813508642464000479988380621
50,0.0165667508129949281489974161538511813508642464000479988380621,1.00082833754064974640744987080769255906754321232000239994190,0.0169737210437872125093792570814667172827108464217353176849396
51,0.0169737210437872125093792570814667172827108464217353176849396,1.00084868605218936062546896285407333586413554232108676588425,0.0173905076687347531446958262841565351722770803408705661323485
52,0.0173905076687347531446958262841565351722770803408705661323485,1.00086952538343673765723479131420782675861385401704352830662,0.0178173384763070969622027023227240668898180879117562775254210
53,0.0178173384763070969622027023227240668898180879117562775254210,1.00089086692381535484811013511613620334449090439558781387627,0.0182544460947358861423399852944905189765823398219217752317091
54,0.0182544460947358861423399852944905189765823398219217752317091,1.00091272230473679430711699926472452594882911699109608876159,0.0187020680724854604062995714089805341446171166096003628173186
55,0.0187020680724854604062995714089805341446171166096003628173186,1.00093510340362427302031497857044902670723085583048001814087,0.0191604469588860771950968458412064694148250916718661740895260
56,0.0191604469588860771950968458412064694148250916718661740895260,1.00095802234794430385975484229206032347074125458359330870448,0.0196298303848547892700038631656654066555866070509637642226548
57,0.0196298303848547892700038631656654066555866070509637642226548,1.00098149151924273946350019315828327033277933035254818821113,0.0201104711436241702508588204802686473519398428267623093243995
58,0.0201104711436241702508588204802686473519398428267623093243995,1.00100552355718120851254294102401343236759699214133811546622,0.0206026272713940273200407080474545632635865037813894768531673
59,0.0206026272713940273200407080474545632635865037813894768531673,1.00103013136356970136600203540237272816317932518906947384266,0.0211065621278159820305700658753683073801668668572833507946597
60,0.0211065621278159820305700658753683073801668668572833507946597,1.00105532810639079910152850329376841536900834334286416753973,0.0216225444762153303216581114248935917828187987690447176564157
61,0.0216225444762153303216581114248935917828187987690447176564157,1.00108112722381076651608290557124467958914093993845223588282,0.0221508485634489071094731024483541176352408616488193667095427
62,0.0221508485634489071094731024483541176352408616488193667095427,1.00110754242817244535547365512241770588176204308244096833548,0.0226917541992917750539612878929337124493388447267370885498378
63,0.0226917541992917750539612878929337124493388447267370885498378,1.00113458770996458875269806439464668562246694223633685442749,0.0232455468352394274325259123294194262711639916531334383350971
64,0.0232455468352394274325259123294194262711639916531334383350971,1.00116227734176197137162629561647097131355819958265667191675,0.0238125176426058379040293208696790441789403268485816966650819
65,0.0238125176426058379040293208696790441789403268485816966650819,1.00119062588213029189520146604348395220894701634242908483325,0.0243929635897911020863500507841310416685621714379452935749250
66,0.0243929635897911020863500507841310416685621714379452935749250,1.00121964817948955510431750253920655208342810857189726467875,0.0249871875185855944446389200926218528907295541256405260734179
67,0.0249871875185855944446389200926218528907295541256405260734179,1.00124935937592927972223194600463109264453647770628202630367,0.0255954982193705065722127083017446318023032718398787227782712
68,0.0255954982193705065722127083017446318023032718398787227782712,1.00127977491096852532861063541508723159011516359199393613891,0.0262182105050673375983686193770033908001584307581069538647715
69,0.0262182105050673375983686193770033908001584307581069538647715,1.00131091052525336687991843096885016954000792153790534769324,0.0268556452836813727674089392243840718825915206207970086397938
70,0.0268556452836813727674089392243840718825915206207970086397938,1.00134278226418406863837044696121920359412957603103985043199,0.0275081296292764113812924049986270131581022418432096821632238
71,0.0275081296292764113812924049986270131581022418432096821632238,1.00137540648146382056906462024993135065790511209216048410816,0.0281759968512099901157804366359520770376064403948929417181803
72,0.0281759968512099901157804366359520770376064403948929417181803,1.00140879984256049950578902183179760385188032201974464708591,0.0288595865614500927526562264797814595360062665052187096728379
73,0.0288595865614500927526562264797814595360062665052187096728379,1.00144297932807250463763281132398907297680031332526093548364,0.0295592447397858439468874999137114934182242223236627279106083
74,0.0295592447397858439468874999137114934182242223236627279106083,1.00147796223698929219734437499568557467091121111618313639553,0.0302753237967359549496072611428810255492470840457362094196007
75,0.0302753237967359549496072611428810255492470840457362094196007,1.00151376618983679774748036305714405127746235420228681047098,0.0310081826339497263466568671461068044951858814370252992461126
76,0.0310081826339497263466568671461068044951858814370252992461126,1.00155040913169748631733284335730534022475929407185126496231,0.0317581867018862209674420884082540365339468516262246471664163
77,0.0317581867018862209674420884082540365339468516262246471664163,1.00158790933509431104837210442041270182669734258131123235832,0.0325257080545478043803553140892536563145887780575464801237313
78,0.0325257080545478043803553140892536563145887780575464801237313,1.00162628540272739021901776570446268281572943890287732400619,0.0333111254010346172073422658468581304485217664193232331008869
79,0.0333111254010346172073422658468581304485217664193232331008869,1.00166555627005173086036711329234290652242608832096616165504,0.0341148241536767005183965180105547862351968235375625151995493
80,0.0341148241536767005183965180105547862351968235375625151995493,1.00170574120768383502591982590052773931175984117687812575998,0.0349371964724904518272500141138711909635871338009251378584528
81,0.0349371964724904518272500141138711909635871338009251378584528,1.00174685982362452259136250070569355954817935669004625689292,0.0357786413056958551844303345497936006629277664528892209571479
82,0.0357786413056958551844303345497936006629277664528892209571479,1.00178893206528479275922151672748968003314638832264446104786,0.0366395644260205165991273233664213088860949929206968415337181
83,0.0366395644260205165991273233664213088860949929206968415337181,1.00183197822130102582995636616832106544430474964603484207669,0.0375203784625059592323418658606354724661791461546979747915178
84,0.0375203784625059592323418658606354724661791461546979747915178,1.00187601892312529796161709329303177362330895730773489873958,0.0384215029275209069844007671397382376895462643272760458283789
85,0.0384215029275209069844007671397382376895462643272760458283789,1.00192107514637604534922003835698691188447731321636380229142,0.0393433642386754276345210866418653149226732879598507915451516
86,0.0393433642386754276345210866418653149226732879598507915451516,1.00196716821193377138172605433209326574613366439799253957726,0.0402863957353188369687273904889817448605239787444492937713092
87,0.0402863957353188369687273904889817448605239787444492937713092,1.00201431978676594184843636952444908724302619893722246468857,0.0412510376892932048683367599229860465155710275068076293897815
88,0.0412510376892932048683367599229860465155710275068076293897815,1.00206255188446466024341683799614930232577855137534038146949,0.0422377373096031768807494921879750822536584091314522320764599
89,0.0422377373096031768807494921879750822536584091314522320764599,1.00211188686548015884403747460939875411268292045657261160382,0.0432469487406516564783646518591021218897584542307545591080958
90,0.0432469487406516564783646518591021218897584542307545591080958,1.00216234743703258282391823259295510609448792271153772795540,0.0442791330536797126384912968209219444539010356615964304691301
91,0.0442791330536797126384912968209219444539010356615964304691301,1.00221395665268398563192456484104609722269505178307982152346,0.0453347582310379157665593004043117221630355920846751829106443
92,0.0453347582310379157665593004043117221630355920846751829106443,1.00226673791155189578832796502021558610815177960423375914553,0.0464142991429051962907365406470168961339071127820176708865054
93,0.0464142991429051962907365406470168961339071127820176708865054,1.00232071495714525981453682703235084480669535563910088354433,0.0475182375160603012896944781964382829213519159017063958563957
94,0.0475182375160603012896944781964382829213519159017063958563957,1.00237591187580301506448472390982191414606759579508531979282,0.0486470618943000350670707379235211338237512755117130481514554
95,0.0486470618943000350670707379235211338237512755117130481514554,1.00243235309471500175335353689617605669118756377558565240757,0.0498012675900877525443733623193960322642520571447370728875234
96,0.0498012675900877525443733623193960322642520571447370728875234,1.00249006337950438762721866811596980161321260285723685364438,0.0509813566270050758103584225597919734357218962488405496788389
97,0.0509813566270050758103584225597919734357218962488405496788389,1.00254906783135025379051792112798959867178609481244202748394,0.0521878376725695735655813479736236398400450022777461404552571
98,0.0521878376725695735655813479736236398400450022777461404552571,1.00260939188362847867827906739868118199200225011388730702276,0.0534212259609712333921556427719898197368878109734822333101975
99,0.0534212259609712333921556427719898197368878109734822333101975,1.00267106129804856166960778213859949098684439054867411166551,0.0546820432052710241454134194692015377374483226871755423221828
100,0.0546820432052710241454134194692015377374483226871755423221828,1.00273410216026355120727067097346007688687241613435877711611,0.0559708174985957503091401145711355096521533552385014052209448
101,0.0559708174985957503091401145711355096521533552385014052209448,1.00279854087492978751545700572855677548260766776192507026105,0.0572880832038548055806339554226867527743988224604634939271712
102,0.0572880832038548055806339554226867527743988224604634939271712,1.00286440416019274027903169777113433763871994112302317469636,0.0586343808314964067239239616977411748228630538561674851927621
103,0.0586343808314964067239239616977411748228630538561674851927621,1.00293171904157482033619619808488705874114315269280837425964,0.0600102569048135021385083689138417126452718326140083364095302
104,0.0600102569048135021385083689138417126452718326140083364095302,1.00300051284524067510692541844569208563226359163070041682048,0.0614162638123028777875257647712470822538229747868992749795702
105,0.0614162638123028777875257647712470822538229747868992749795702,1.00307081319061514388937628823856235411269114873934496374898,0.0628529596465751051473347076277860571602598319854154205613658
106,0.0628529596465751051473347076277860571602598319854154205613658,1.00314264798232875525736673538138930285801299159927077102807,0.0643209080293079746002745679631635381192862733427669059601420
107,0.0643209080293079746002745679631635381192862733427669059601420,1.00321604540146539873001372839815817690596431366713834529801,0.0658206779217320199814701719738882406478344447027732257387367
108,0.0658206779217320199814701719738882406478344447027732257387367,1.00329103389608660099907350859869441203239172223513866128694,0.0673528434201337564208690560201474710960009692404823652963699
109,0.0673528434201337564208690560201474710960009692404823652963699,1.00336764217100668782104345280100737355480004846202411826482,0.0689179835358604185601110390309750043253620709199633293513011
110,0.0689179835358604185601110390309750043253620709199633293513011,1.00344589917679302092800555195154875021626810354599816646757,0.0705166819593093976935190082116009228361279024713821999501071
111,0.0705166819593093976935190082116009228361279024713821999501071,1.00352583409796546988467595041058004614180639512356910999751,0.0721495268073863359327269904135860158561316923822503399487288
112,0.0721495268073863359327269904135860158561316923822503399487288,1.00360747634036931679663634952067930079280658461911251699744,0.0738171103539180480358419892021208574375631935371597879208055
113,0.0738171103539180480358419892021208574375631935371597879208055,1.00369085551769590240179209946010604287187815967685798939604,0.0755200287425102151446311002604824887378518646917509888900461
114,0.0755200287425102151446311002604824887378518646917509888900461,1.00377600143712551075723155501302412443689259323458754944450,0.0772588816813452403246287442538752495907704807441737954679132
115,0.0772588816813452403246287442538752495907704807441737954679132,1.00386294408406726201623143721269376247953852403720868977340,0.0790342721194228871236554299816291746701283637004912577489267
116,0.0790342721194228871236554299816291746701283637004912577489267,1.00395171360597114435618277149908145873350641818502456288745,0.0808468059037554552768219529904635311029593643495493456474097
117,0.0808468059037554552768219529904635311029593643495493456474097,1.00404234029518777276384109764952317655514796821747746728237,0.0826970914170404000370547187881593420268257015544683758406290
118,0.0826970914170404000370547187881593420268257015544683758406290,1.00413485457085202000185273593940796710134128507772341879203,0.0845857391953465927395671278108551203094792882485565530415867
119,0.0845857391953465927395671278108551203094792882485565530415867,1.00422928695976732963697835639054275601547396441242782765208,0.0865133615253659704665212554241377336307533021449325851019991
120,0.0865133615253659704665212554241377336307533021449325851019991,1.00432566807626829852332606277120688668153766510724662925510,0.0884805720208002528843978039195437397640670817136211551471278
121,0.0884805720208002528843978039195437397640670817136211551471278,1.00442402860104001264421989019597718698820335408568105775736,0.0904879851774728351729038075160106301760258985423201731189710
122,0.0904879851774728351729038075160106301760258985423201731189710,1.00452439925887364175864519037580053150880129492711600865595,0.0925362159067790173546728570336152640973812088681696535566346
123,0.0925362159067790173546728570336152640973812088681696535566346,1.00462681079533895086773364285168076320486906044340848267783,0.0946258790471135206646521739402490507691242742801587919271378
124,0.0946258790471135206646521739402490507691242742801587919271378,1.00473129395235567603323260869701245253845621371400793959636,0.0967575888529428869677077375528398444484834861320138222307362
125,0.0967575888529428869677077375528398444484834861320138222307362,1.00483787944264714434838538687764199222242417430660069111154,0.0989319584612219705987744051520110375772984112877673074760439
126,0.0989319584612219705987744051520110375772984112877673074760439,1.00494659792306109852993872025760055187886492056438836537380,0.101149599334888422257460911793530951340980320496464361810257
127,0.101149599334888422257460911793530951340980320496464361810257,1.00505747996674442111287304558967654756704901602482321809051,0.103411120683206935591825083827337620029109983832675867897365
128,0.103411120683206935591825083827337620029109983832675867897365,1.00517055603416034677959125419136688100145549919163379339487,0.105717128858776176618326452626226252613936502996588853586426
129,0.105717128858776176618326452626226252613936502996588853586426,1.00528585644293880883091632263131131263069682514982944267932,0.108068226731055834710604221074557294319684118822574707562623
130,0.108068226731055834710604221074557294319684118822574707562623,1.00540341133655279173553021105372786471598420594112873537813,0.110465013036319203738469947142716910918781635288914877126372
131,0.110465013036319203738469947142716910918781635288914877126372,1.00552325065181596018692349735713584554593908176444574385632,0.112908081703988195632345631415376354899705091797438310555140
132,0.112908081703988195632345631415376354899705091797438310555140,1.00564540408519940978161728157076881774498525458987191552776,0.115398021159362767871382826697253905041832661979891980560843
133,0.115398021159362767871382826697253905041832661979891980560843,1.00576990105796813839356914133486269525209163309899459902804,0.117935413602815460589373398263364899816353450281922770234383
134,0.117935413602815460589373398263364899816353450281922770234383,1.00589677068014077302946866991316824499081767251409613851172,0.120520834265584123975277484890575239073519953897339271592890
135,0.120520834265584123975277484890575239073519953897339271592890,1.00602604171327920619876387424452876195367599769486696357964,0.123154850642361993168966586801041031003817173715162424379863
136,0.123154850642361993168966586801041031003817173715162424379863,1.00615774253211809965844832934005205155019085868575812121899,0.125838021700954040148843266042840223375212639091810357163833
137,0.125838021700954040148843266042840223375212639091810357163833,1.00629190108504770200744216330214201116876063195459051785819,0.128570897069341986396727538353492509027623984339852343911918
138,0.128570897069341986396727538353492509027623984339852343911918,1.00642854485346709931983637691767462545138119921699261719560,0.131354016200577463113553887099727237113317175612195151465385
139,0.131354016200577463113553887099727237113317175612195151465385,1.00656770081002887315567769435498636185566585878060975757327,0.134187907516003503133514779423570433650572762224508441245481
140,0.134187907516003503133514779423570433650572762224508441245481,1.00670939537580017515667573897117852168252863811122542206227,0.137073087527388763612321122562458429510446306732810080749436
141,0.137073087527388763612321122562458429510446306732810080749436,1.00685365437636943818061605612812292147552231533664050403747,0.140010059938646510220354787851525902671337045589535411329787
142,0.140010059938646510220354787851525902671337045589535411329787,1.00700050299693232551101773939257629513356685227947677056649,0.142999314727901315692220281135860571382623398632370470761831
143,0.142999314727901315692220281135860571382623398632370470761831,1.00714996573639506578461101405679302856913116993161852353809,0.146041327210760485087557117785698001238289411435788713624905
144,0.146041327210760485087557117785698001238289411435788713624905,1.00730206636053802425437785588928490006191447057178943568125,0.149136557085744235782327492963915886911769273956196763055589
145,0.149136557085744235782327492963915886911769273956196763055589,1.00745682785428721178911637464819579434558846369780983815278,0.152285447462928421446157931550867308209592290069970355456987
146,0.152285447462928421446157931550867308209592290069970355456987,1.00761427237314642107230789657754336541047961450349851777285,0.155488423876955854992351689057908242226437591392007933375741
147,0.155488423876955854992351689057908242226437591392007933375741,1.00777442119384779274961758445289541211132187956960039666879,0.158745893285676783154392901511609352461392531878437193548286
148,0.158745893285676783154392901511609352461392531878437193548286,1.00793729466428383915771964507558046762306962659392185967741,0.162058243055785490063037128265541104832665340487859582699440
149,0.162058243055785490063037128265541104832665340487859582699440,1.00810291215278927450315185641327705524163326702439297913497,0.165425839936928021091638894314992088208009896154256158826852
150,0.165425839936928021091638894314992088208009896154256158826852,1.00827129199684640105458194471574960441040049480771280794134,0.168849029025865249949347217800351676321327600986761283774538
151,0.168849029025865249949347217800351676321327600986761283774538,1.00844245145129326249746736089001758381606638004933806418873,0.172328132722385556440300193976629868622427919914990396005655
152,0.172328132722385556440300193976629868622427919914990396005655,1.00861640663611927782201500969883149343112139599574951980028,0.175863449678771800620167585173497029886828302412131248280811
153,0.175863449678771800620167585173497029886828302412131248280811,1.00879317248393859003100837925867485149434141512060656241404,0.179455253744737598896392068524141045671431671340414514660525
154,0.179455253744737598896392068524141045671431671340414514660525,1.00897276268723687994481960342620705228357158356702072573303,0.183103792909857623563541763810876776337358629018182230694710
155,0.183103792909857623563541763810876776337358629018182230694710,1.00915518964549288117817708819054383881686793145090911153474,0.186809288245625221796825926730504508284897604156146488508570
156,0.186809288245625221796825926730504508284897604156146488508570,1.00934046441228126108984129633652522541424488020780732442543,0.190571932849377514681428952331696128139106431654793214604586
157,0.190571932849377514681428952331696128139106431654793214604586,1.00952859664246887573407144761658480640695532158273966073023,0.194391890792432693343711896710647727625045096195476803452541
158,0.194391890792432693343711896710647727625045096195476803452541,1.00971959453962163466718559483553238638125225480977384017263,0.198269296074885851911679406525272466155614981688848165657354
159,0.198269296074885851911679406525272466155614981688848165657354,1.00991346480374429259558397032626362330778074908444240828287,0.202204251589607734661162296607169383238443201009587838716976
160,0.202204251589607734661162296607169383238443201009587838716976,1.01011021257948038673305811483035846916192216005047939193585,0.206196828098084553263107390716366256021216127101115347715028
161,0.206196828098084553263107390716366256021216127101115347715028,1.01030984140490422766315536953581831280106080635505576738575,0.210247063220825855670332906662850695502323936071020462719133
162,0.210247063220825855670332906662850695502323936071020462719133,1.01051235316104129278351664533314253477511619680355102313596,0.214354960445150590576819177712797705050222611029515911325091
163,0.214354960445150590576819177712797705050222611029515911325091,1.01071774802225752952884095888563988525251113055147579556625,0.218520488153238287629554629953169776442566532067422954806909
164,0.218520488153238287629554629953169776442566532067422954806909,1.01092602440766191438147773149765848882212832660337114774034,0.222743578673401932318199921374025137021752245775496724694926
165,0.222743578673401932318199921374025137021752245775496724694926,1.01113717893367009661590999606870125685108761228877483623475,0.227024127357600920500631864372113629903154507200420148798533
166,0.227024127357600920500631864372113629903154507200420148798533,1.01135120636788004602503159321860568149515772536002100743993,0.231361991688265696723928242989264957110044175564235226081498
167,0.231361991688265696723928242989264957110044175564235226081498,1.01156809958441328483619641214946324785550220877821176130407,0.235756990417549585144050561607263867129810784686568284434953
168,0.235756990417549585144050561607263867129810784686568284434953,1.01178784952087747925720252808036319335649053923432841422175,0.240208902742157196226619891384452263135956184129318912472178
169,0.240208902742157196226619891384452263135956184129318912472178,1.01201044513710785981133099456922261315679780920646594562361,0.244717467516921938762411673555473389598840636051589758787348
170,0.244717467516921938762411673555473389598840636051589758787348,1.01223587337584609693812058367777366947994203180257948793937,0.249282382510316911417885772342647523761905615637293031879820
171,0.249282382510316911417885772342647523761905615637293031879820,1.01246411912551584557089428861713237618809528078186465159399,0.253903303705083147953723277064538087170628110126896964085035
172,0.253903303705083147953723277064538087170628110126896964085035,1.01269516518525415739768616385322690435853140550634484820425,0.258579844647146239369689941386709671557620412990108130467604
173,0.258579844647146239369689941386709671557620412990108130467604,1.01292899223235731196848449706933548357788102064950540652338,0.263311575845966192338700249892540341713601249725103506846793
174,0.263311575845966192338700249892540341713601249725103506846793,1.01316557879229830961693501249462701708568006248625517534234,0.268098024229425494661365336601976444824600405119569134096943
175,0.268098024229425494661365336601976444824600405119569134096943,1.01340490121147127473306826683009882224123002025597845670485,0.272938672656306290635682810972795115013338692685653554672715
176,0.272938672656306290635682810972795115013338692685653554672715,1.01364693363281531453178414054863975575066693463428267773364,0.277832959489338931621241671327463668100174497677147060073583
177,0.277832959489338931621241671327463668100174497677147060073583,1.01389164797446694658106208356637318340500872488385735300368,0.282780278231720639500704408446897622435370905196200923622226
178,0.282780278231720639500704408446897622435370905196200923622226,1.01413901391158603197503522042234488112176854525981004618111,0.287779977229904359677273578507779939508581217892823190941377
179,0.287779977229904359677273578507779939508581217892823190941377,1.01438899886149521798386367892538899697542906089464115954707,0.292831359445343924781659936240452857802718505657500442615500
180,0.292831359445343924781659936240452857802718505657500442615500,1.01464156797226719623908299681202264289013592528287502213078,0.297933682297752327659318837535297724277739042614430866860976
181,0.297933682297752327659318837535297724277739042614430866860976,1.01489668411488761638296594187676488621388695213072154334305,0.303086157582285233001015534674350782797652470026900147963309
182,0.303086157582285233001015534674350782797652470026900147963309,1.01515430787911426165005077673371753913988262350134500739816,0.308287951462901959505756149816652862234742193217379018435839
183,0.308287951462901959505756149816652862234742193217379018435839,1.01541439757314509797528780749083264311173710966086895092179,0.313538184543981258771534562039707142467757069036399977132463
184,0.313538184543981258771534562039707142467757069036399977132463,1.01567690922719906293857672810198535712338785345181999885662,0.318835932022079628140802427684505944468310661610473159898789
185,0.318835932022079628140802427684505944468310661610473159898789,1.01594179660110398140704012138422529722341553308052365799494,0.324180223919516054730474050506093277055396718139104097808064
186,0.324180223919516054730474050506093277055396718139104097808064,1.01620901119597580273652370252530466385276983590695520489040,0.329570045401249537948824063506410536990918085849941509549512
187,0.329570045401249537948824063506410536990918085849941509549512,1.01647850227006247689744120317532052684954590429249707547748,0.335004337176285128528234969877670361012986231406870522078876
188,0.335004337176285128528234969877670361012986231406870522078876,1.01675021685881425642641174849388351805064931157034352610394,0.340481995984601313219096404769250826214930163325134878503730
189,0.340481995984601313219096404769250826214930163325134878503730,1.01702409979923006566095482023846254131074650816625674392519,0.346001875170337233334163676551183104762891243190231847670267
190,0.346001875170337233334163676551183104762891243190231847670267,1.01730009375851686166670818382755915523814456215951159238351,0.351562785341713425246719926012440969538570139729179293912683
191,0.351562785341713425246719926012440969538570139729179293912683,1.01757813926708567126233599630062204847692850698645896469563,0.357163495117885586606952350141520840516514557656452618338716
192,0.357163495117885586606952350141520840516514557656452618338716,1.01785817475589427933034761750707604202582572788282263091694,0.362802731962648475707598292778152511897239237377934674750627
193,0.362802731962648475707598292778152511897239237377934674750627,1.01814013659813242378537991463890762559486196186889673373753,0.368479183104617707107677505586288384508761073003331233268663
194,0.368479183104617707107677505586288384508761073003331233268663,1.01842395915523088535538387527931441922543805365016656166343,0.374191496543222263363799282951169071915102282651897744421142
195,0.374191496543222263363799282951169071915102282651897744421142,1.01870957482716111316818996414755845359575511413259488722106,0.379938282139541426882622891679713311056553225421875902482568
196,0.379938282139541426882622891679713311056553225421875902482568,1.01899691410697707134413114458398566555282766127109379512413,0.385718112790718042433953444990675889571835246199957920952025
197,0.385718112790718042433953444990675889571835246199957920952025,1.01928590563953590212169767224953379447859176230999789604760,0.391529525686377103601676504198349102332948270411743304355032
198,0.391529525686377103601676504198349102332948270411743304355032,1.01957647628431885518008382520991745511664741352058716521775,0.397371023645176217630940851680636161320993003137215188747989
199,0.397371023645176217630940851680636161320993003137215188747989,1.01986855118225881088154704258403180806604965015686075943740,0.403241076529314182059778849382963988238076294365594637047402
200,0.403241076529314182059778849382963988238076294365594637047402,1.02016205382646570910298894246914819941190381471827973185237,0.409138122734527367591875162560252140158448989293681105716515
201,0.409138122734527367591875162560252140158448989293681105716515,1.02045690613672636837959375812801260700792244946468405528583,0.415060570752812521791365085336528476522005092473481109743570
202,0.415060570752812521791365085336528476522005092473481109743570,1.02075302853764062608956825426682642382610025462367405548718,0.421006800804830663796507635120022726339019912474396365806521
203,0.421006800804830663796507635120022726339019912474396365806521,1.02105034004024153318982538175600113631695099562371981829033,0.426975166538671593985717824402761110029566823904259446920500
204,0.426975166538671593985717824402761110029566823904259446920500,1.02134875832693357969928589122013805550147834119521297234602,0.432963996791393829700795754183590924387220747545060685452184
205,0.432963996791393829700795754183590924387220747545060685452184,1.02164819983956969148503978770917954621936103737725303427261,0.438971597409502093192680791210844704732338043546990239929431
206,0.438971597409502093192680791210844704732338043546990239929431,1.02194857987047510465963403956054223523661690217734951199647,0.444996253124285361065475394377912961794406408440936413933931
207,0.444996253124285361065475394377912961794406408440936413933931,1.02224981265621426805327376971889564808972032042204682069670,0.451036229477714408348667027593628209329421033113355203243416
208,0.451036229477714408348667027593628209329421033113355203243416,1.02255181147388572041743335137968141046647105165566776016217,0.457089774794390137389561070911479829034527325236637802426667
209,0.457089774794390137389561070911479829034527325236637802426667,1.02285448873971950686947805354557399145172636626183189012133,0.463155122194844072057681340565957743765961958451365447638299
210,0.463155122194844072057681340565957743765961958451365447638299,1.02315775610974220360288406702829788718829809792256827238192,0.469230491645321417382182102955619250214588865413679521624890
211,0.469230491645321417382182102955619250214588865413679521624890,1.02346152458226607086910910514778096251072944327068397608124,0.475314092039026115190255733588781045135564878917554033352970
212,0.475314092039026115190255733588781045135564878917554033352970,1.02376570460195130575951278667943905225677824394587770166765,0.481404123303677324762859343922541352604553433686246484917746
213,0.481404123303677324762859343922541352604553433686246484917746,1.02407020616518386623814296719612706763022767168431232424589,0.487498778530118548234945588166292732310056717540441468214452
214,0.487498778530118548234945588166292732310056717540441468214452,1.02437493892650592741174727940831463661550283587702207341072,0.493596246116634887347837968502667199662055282686583191076779
215,0.493596246116634887347837968502667199662055282686583191076779,1.02467981230583174436739189842513335998310276413432915955384,0.499694711923571198610189006813997487013286680619546465412942
216,0.499694711923571198610189006813997487013286680619546465412942,1.02498473559617855993050945034069987435066433403097732327065,0.505792361432804594029177649565103118675054680244278899542559
217,0.505792361432804594029177649565103118675054680244278899542559,1.02528961807164022970145888247825515593375273401221394497713,0.511887381906609045720197100461473467862975246939793662870092
218,0.511887381906609045720197100461473467862975246939793662870092,1.02559436909533045228600985502307367339314876234698968314350,0.517977964540457869630866656116822536814366475024076674870726
219,0.517977964540457869630866656116822536814366475024076674870726,1.02589889822702289348154333280584112684071832375120383374354,0.524062306604341503948052835357472443958086786558630419380672
220,0.524062306604341503948052835357472443958086786558630419380672,1.02620311533021707519740264176787362219790433932793152096903,0.530138613567233023009322417335238791968206765770620432053842
221,0.530138613567233023009322417335238791968206765770620432053842,1.02650693067836165115046612086676193959841033828853102160269,0.536205101199411845583898271960548133457048397612140930613945
222,0.536205101199411845583898271960548133457048397612140930613945,1.02681025505997059227919491359802740667285241988060704653070,0.542259997647456565343080425311196771433375744419630185702936
223,0.542259997647456565343080425311196771433375744419630185702936,1.02711299988237282826715402126555983857166878722098150928515,0.548301545476840064844233318435058556801549822965645686624790
224,0.548301545476840064844233318435058556801549822965645686624790,1.02741507727384200324221166592175292784007749114828228433124,0.554328003677203248137073830461391037306866609361119406240166
225,0.554328003677203248137073830461391037306866609361119406240166,1.02771640018386016240685369152306955186534333046805597031201,0.560337649625546886789375873876360906568495834035385987949445
226,0.560337649625546886789375873876360906568495834035385987949445,1.02801688248127734433946879369381804532842479170176929939747,0.566328781002763144160132522392030923247412537322877300826216
227,0.566328781002763144160132522392030923247412537322877300826216,1.02831643905013815720800662611960154616237062686614386504131,0.572299717659128136313146706346827057260217921641492429193182
228,0.572299717659128136313146706346827057260217921641492429193182,1.02861498588295640681565733531734135286301089608207462145966,0.578248803424593117835573896670774019005171840151848211089972
229,0.578248803424593117835573896670774019005171840151848211089972,1.02891244017122965589177869483353870095025859200759241055450,0.584174407859943170946452456470941526873511415898641229898252
230,0.584174407859943170946452456470941526873511415898641229898252,1.02920872039299715854732262282354707634367557079493206149491,0.590074927945137173972071916008695948968417040869768237404757
231,0.590074927945137173972071916008695948968417040869768237404757,1.02950374639725685869860359580043479744842085204348841187024,0.595948789701399813919201452780093731135712457684047012331140
232,0.595948789701399813919201452780093731135712457684047012331140,1.02979743948506999069596007263900468655678562288420235061656,0.601794449743903919974521628301302250764162673872985891141032
233,0.601794449743903919974521628301302250764162673872985891141032,1.03008972248719519599872608141506511253820813369364929455705,0.607610396762157825076150658976971699267494462507071599230976
234,0.607610396762157825076150658976971699267494462507071599230976,1.03038051983810789125380753294884858496337472312535357996155,0.613395152925496181560991911056221383996599401886296600562676
235,0.613395152925496181560991911056221383996599401886296600562676,1.03066975764627480907804959555281106919982997009431483002813,0.619147275211362023297646715812162330752969627436265457687214
236,0.619147275211362023297646715812162330752969627436265457687214,1.03095736376056810116488233579060811653764848137181327288436,0.624865356654361241270887992124426633474359716228976544367580
237,0.624865356654361241270887992124426633474359716228976544367580,1.03124326783271806206354439960622133167371798581144882721838,0.630548027514366397024513144813348672047971280331211611976522
238,0.630548027514366397024513144813348672047971280331211611976522,1.03152740137571831985122565724066743360239856401656058059883,0.636193956362243339610286827110614791220295250507162567562773
239,0.636193956362243339610286827110614791220295250507162567562773,1.03180969781811216698051434135553073956101476252535812837814,0.641801851082069855276842746224984846242406206319337293247048
240,0.641801851082069855276842746224984846242406206319337293247048,1.03209009255410349276384213731124924231212031031596686466235,0.647370459789009051987010894049333978631212911269851938322950
241,0.647370459789009051987010894049333978631212911269851938322950,1.03236852298945045259935054470246669893156064556349259691615,0.652898571662289908236398744157602327097112053661349019278808
242,0.652898571662289908236398744157602327097112053661349019278808,1.03264492858311449541181993720788011635485560268306745096394,0.658385017693032010256736768684372133770607446572304965159662
243,0.658385017693032010256736768684372133770607446572304965159662,1.03291925088465160051283683843421860668853037232861524825798,0.663828671346929651828555372571584129027094059784342094137756
244,0.663828671346929651828555372571584129027094059784342094137756,1.03319143356734648259142776862857920645135470298921710470689,0.669228449142080947710098328785320315230927927982644369812213
245,0.669228449142080947710098328785320315230927927982644369812213,1.03346142245710404738550491643926601576154639639913221849061,0.674583311142509275222682725137456934034060278759708722534494
246,0.674583311142509275222682725137456934034060278759708722534494,1.03372916555712546376113413625687284670170301393798543612672,0.679892261368176163088909779308220421305425406550714242452209
247,0.679892261368176163088909779308220421305425406550714242452209,1.03399461306840880815444548896541102106527127032753571212261,0.685154348122525744760398015923328184606651838799651361744788
248,0.685154348122525744760398015923328184606651838799651361744788,1.03425771740612628723801990079616640923033259193998256808724,0.690368664238830239141664764580940567791003703265261530215131
249,0.690368664238830239141664764580940567791003703265261530215131,1.03451843321194151195708323822904702838955018516326307651076,0.695534347246822872226201663470175997322065438734411360487525
250,0.695534347246822872226201663470175997322065438734411360487525,1.03477671736234114361131008317350879986610327193672056802438,0.700650579461308570675317859947202204805618783089424252339925
251,0.700650579461308570675317859947202204805618783089424252339925,1.03503252897306542853376589299736011024028093915447121261700,0.705716587994633109452577868367194300289120807964606773959714
252,0.705716587994633109452577868367194300289120807964606773959714,1.03528582939973165547262889341835971501445604039823033869799,0.710731644695067750873159601679771343628171764688937598505417
253,0.710731644695067750873159601679771343628171764688937598505417,1.03553658223475338754365798008398856718140858823444687992527,0.715695066013328444755637764271145319288287882532480687342289
254,0.715695066013328444755637764271145319288287882532480687342289,1.03578475330066642223778188821355726596441439412662403436711,0.720606212799596141609948997638646869009027957167819924601841
255,0.720606212799596141609948997638646869009027957167819924601841,1.03603031063997980708049744988193234345045139785839099623009,0.725464490033537572590453244650098161587916818764959099895214
256,0.725464490033537572590453244650098161587916818764959099895214,1.03627322450167687862952266223250490807939584093824795499476,0.730269346489943933936002980006057989779513495624828694350892
257,0.730269346489943933936002980006057989779513495624828694350892,1.03651346732449719669680014900030289948897567478124143471755,0.735020274342708331122424242360636375817810433520687054792187
258,0.735020274342708331122424242360636375817810433520687054792187,1.03675101371713541655612121211803181879089052167603435273961,0.739716808709951724086552266389529511142099837604221624807387
259,0.739716808709951724086552266389529511142099837604221624807387,1.03698584043549758620432761331947647555710499188021108124037,0.744358527143181683289545030322077890157093394426074307501272
260,0.744358527143181683289545030322077890157093394426074307501272,1.03721792635715908416447725151610389450785466972130371537506,0.748945049063428803608646637487616715370669906131867953726010
261,0.748945049063428803608646637487616715370669906131867953726010,1.03744725245317144018043233187438083576853349530659339768630,0.753476035147352482607115788693697169572929389950986745725730
262,0.753476035147352482607115788693697169572929389950986745725730,1.03767380175736762413035578943468485847864646949754933728629,0.757951186666341366040402266227266907048652040399128698942146
263,0.757951186666341366040402266227266907048652040399128698942146,1.03789755933331706830202011331136334535243260201995643494711,0.762370244781654565568505394921436996235725221268541169059854
264,0.762370244781654565568505394921436996235725221268541169059854,1.03811851223908272827842526974607184981178626106342705845299,0.766732989798658278964072810543411857691458930118469407056437
265,0.766732989798658278964072810543411857691458930118469407056437,1.03833664948993291394820364052717059288457294650592347035282,0.771039240383209251088229493918358891488453504920980747519147
266,0.771039240383209251088229493918358891488453504920980747519147,1.03855196201916046255441147469591794457442267524604903737596,0.775288852743222199818317040292949974788171393787567913434640
267,0.775288852743222199818317040292949974788171393787567913434640,1.03876444263716110999091585201464749873940856968937839567173,0.779481719778433519906558950430799683503674795282153918548702
268,0.779481719778433519906558950430799683503674795282153918548702,1.03897408598892167599532794752153998417518373976410769592743,0.783617770201338918100484980172272981523399307985122928370546
269,0.783617770201338918100484980172272981523399307985122928370546,1.03918088851006694590502424900861364907616996539925614641853,0.787696967632238791400859069745635629691304222296081522206625
270,0.787696967632238791400859069745635629691304222296081522206625,1.03938484838161193957004295348728178148456521111480407611033,0.791719309671272816151803212218008564131127639970370513221590
271,0.791719309671272816151803212218008564131127639970370513221590,1.03958596548356364080759016061090042820655638199851852566108,0.795684826950265055034814220592400011322658931264002848970017
272,0.795684826950265055034814220592400011322658931264002848970017,1.03978424134751325275174071102962000056613294656320014244850,0.799593582167133600521077375899417055699573509782371262294252
273,0.799593582167133600521077375899417055699573509782371262294252,1.03997967910835668002605386879497085278497867548911856311471,0.803445669105545043120861421247455842880179835374543580202012
274,0.803445669105545043120861421247455842880179835374543580202012,1.04017228345527725215604307106237279214400899176872717901010,0.807241211642414560424777116308314294595792129780260557154558
275,0.807241211642414560424777116308314294595792129780260557154558,1.04036206058212072802123885581541571472978960648901302785773,0.810980362745767837481776004137913953590224772387625504167280
276,0.810980362745767837481776004137913953590224772387625504167280,1.04054901813728839187408880020689569767951123861938127520836,0.814663303465392005416869825379294002866292923979413045959101
277,0.814663303465392005416869825379294002866292923979413045959101,1.04073316517326960027084349126896470014331464619897065229795,0.818290241918609960965423832428357888691765162782785454189665
278,0.818290241918609960965423832428357888691765162782785454189665,1.04091451209593049804827119162141789443458825813913927270948,0.821861412273416422257336170664621057043040882853526688965868
279,0.821861412273416422257336170664621057043040882853526688965868,1.04109307061367082111286680853323105285215204414267633444829,0.825377073731115480573076688236598954576029334918404800805714
280,0.825377073731115480573076688236598954576029334918404800805714,1.04126885368655577402865383441182994772880146674592024004028,0.828837509510498794021666888523052157251106866525670618926311
281,0.828837509510498794021666888523052157251106866525670618926311,1.04144187547552493970108334442615260786255534332628353094632,0.832243025835501480738779512210719508194461385396046855518037
282,0.832243025835501480738779512210719508194461385396046855518037,1.04161215129177507403693897561053597540972306926980234277590,0.835593950928169721868880683852467242286498543302960557611748
283,0.835593950928169721868880683852467242286498543302960557611748,1.04177969754640848609344403419262336211432492716514802788059,0.838890634008670564750729661371192145543556039824743781135894
284,0.838890634008670564750729661371192145543556039824743781135894,1.04194453170043352823753648306855960727717780199123718905680,0.842133444303970880871089691549166131609894892764274201941923
285,0.842133444303970880871089691549166131609894892764274201941923,1.04210667221519854404355448457745830658049474463821371009710,0.845322770066709307249441439142825602331817793552014235615475
286,0.845322770066709307249441439142825602331817793552014235615475,1.04226613850333546536247207195714128011659088967760071178077,0.848459017605682679084303608380389114074702018104142027628044
287,0.848459017605682679084303608380389114074702018104142027628044,1.04242295088028413395421518041901945570373510090520710138140,0.851542610329267309936203358978242544960494158940339445417186
288,0.851542610329267309936203358978242544960494158940339445417186,1.04257713051646336549681016794891212724802470794701697227086,0.854573987802995826893969289191557813419747190630438027362959
289,0.854573987802995826893969289191557813419747190630438027362959,1.04272869939014979134469846445957789067098735953152190136814,0.857553604822412425118968962421877438949855595555924198174565
290,0.857553604822412425118968962421877438949855595555924198174565,1.04287768024112062125594844812109387194749277977779620990873,0.860481930502233642068543846024855359699189830027071127923720
291,0.860481930502233642068543846024855359699189830027071127923720,1.04302409652511168210342719230124276798495949150135355639618,0.863359447382748310575393064805584204533102634970345008733674
292,0.863359447382748310575393064805584204533102634970345008733674,1.04316797236913741552876965324027921022665513174851725043668,0.866186650554299447476932745147894474372642976721380209712657
293,0.866186650554299447476932745147894474372642976721380209712657,1.04330933252771497237384663725739472371863214883606901048563,0.868964046800602658939540683140158710965221226480158766705448
294,0.868964046800602658939540683140158710965221226480158766705448,1.04344820234003013294697703415700793554826106132400793833528,0.871692153761570356977042227199204892959621855033081742642762
295,0.871692153761570356977042227199204892959621855033081742642762,1.04358460768807851784885211135996024464798109275165408713214,0.874371499116228820713632098348609221797982688258027113746955
296,0.874371499116228820713632098348609221797982688258027113746955,1.04371857495581144103568160491743046108989913441290135568735,0.877002619786236013518122414497914182117717590933651866740449
297,0.877002619786236013518122414497914182117717590933651866740449,1.04385013098931180067590612072489570910588587954668259333702,0.879586061160432173372292864492485897483328240252418265240979
298,0.879586061160432173372292864492485897483328240252418265240979,1.04397930305802160866861464322462429487416641201262091326205,0.882122376340782597474617326106651222155070470693385308209174
299,0.882122376340782597474617326106651222155070470693385308209174,1.04410611881703912987373086630533256110775352353466926541046,0.884612125410002791807062050864604679185420492287358998181189
300,0.884612125410002791807062050864604679185420492287358998181189,1.04423060627050013959035310254323023395927102461436794990906,0.887055874721090282179262567580531990064303647092059341007128
301,0.887055874721090282179262567580531990064303647092059341007128,1.04435279373605451410896312837902659950321518235460296705036,0.889454196208924897717563207497098590557265314661435998903263
302,0.889454196208924897717563207497098590557265314661435998903263,1.04447270981044624488587816037485492952786326573307179994517,0.891807666724040237465741451682292188923429439612317035725357
303,0.891807666724040237465741451682292188923429439612317035725357,1.04459038333620201187328707258411460944617147198061585178626,0.894116867388613297584626974055842293746420233280305454921327
304,0.894116867388613297584626974055842293746420233280305454921327,1.04470584336943066487923134870279211468732101166401527274606,0.896382382974666839046484078667195232259164034911345575705154
305,0.896382382974666839046484078667195232259164034911345575705154,1.04481911914873334195232420393335976161295820174556727878526,0.898604801304429970041568829266979457323600277109241941617116
306,0.898604801304429970041568829266979457323600277109241941617116,1.04493024006522149850207844146334897286618001385546209708085,0.900784712672756548957780794627610292759879331472083417377133
307,0.900784712672756548957780794627610292759879331472083417377133,1.04503923563363782744788903973138051463799396657360417086885,0.902922709291458318437385012379828867610896617706116936215557
308,0.902922709291458318437385012379828867610896617706116936215557,1.04514613546457291592186925061899144338054483088530584681078,0.905019384755370085740238007893936247987271153346225078202727
309,0.905019384755370085740238007893936247987271153346225078202727,1.04525096923776850428701190039469681239936355766731125391014,0.907075333529927689025072853505956517021005729761543305087332
310,0.907075333529927689025072853505956517021005729761543305087332,1.04535376667649638445125364267529782585105028648807716525437,0.909091150460005846297694970108755745844374744096501046403120
311,0.909091150460005846297694970108755745844374744096501046403120,1.04545455752300029231488474850543778729221873720482505232016,0.911067430299732181267799859020713444695694729991753075695897
312,0.911067430299732181267799859020713444695694729991753075695897,1.04555337151498660906338999295103567223478473649958765378480,0.913004767262965661227899197365581786047155867701346904549691
313,0.913004767262965661227899197365581786047155867701346904549691,1.04565023836314828306139495986827908930235779338506734522748,0.914903754594102265628683693579143353617460689000406852092543
314,0.914903754594102265628683693579143353617460689000406852092543,1.04574518772970511328143418467895716768087303445002034260463,0.916764984158847826678374039086873412999381546709990423551063
315,0.916764984158847826678374039086873412999381546709990423551063,1.04583824920794239133391870195434367064996907733549952117756,0.918589046054577539284847757961202602126465994672155371087320
316,0.918589046054577539284847757961202602126465994672155371087320,1.04592945230272887696424238789806013010632329973360776855437,0.920376528239883519769142090427668320340103991404159219573780
317,0.920376528239883519769142090427668320340103991404159219573780,1.04601882641199417598845710452138341601700519957020796097869,0.922128016182895892959906948936698174557557116373693761996669
318,0.922128016182895892959906948936698174557557116373693761996669,1.04610640080914479464799534744683490872787785581868468809984,0.923844092527949097238037429288764674778481728035776705632437
319,0.923844092527949097238037429288764674778481728035776705632437,1.04619220462639745486190187146443823373892408640178883528162,0.925525336780153308831833668346189454359489409259649676424094
320,0.925525336780153308831833668346189454359489409259649676424094,1.04627626683900766544159168341730947271797447046298248382121,0.927172325007420992923222094855418155675978285686732415802860
321,0.927172325007420992923222094855418155675978285686732415802860,1.04635861625037104964616110474277090778379891428433662079014,0.928785629559490483868052226175957668511112444780796907740186
322,0.928785629559490483868052226175957668511112444780796907740186,1.04643928147797452419340261130879788342555562223903984538701,0.930365818803482075591278057547611472687640876847057919861548
323,0.930365818803482075591278057547611472687640876847057919861548,1.04651829094017410377956390287738057363438204384235289599308,0.931913456875517263443561736422308606817389481036815828672013
324,0.931913456875517263443561736422308606817389481036815828672013,1.04659567284377586317217808682111543034086947405184079143360,0.933429103447928420169478333394972314115935309390892359772224
325,0.933429103447928420169478333394972314115935309390892359772224,1.04667145517239642100847391666974861570579676546954461798862,0.934913313511584213284493379045282071959431145061508808389511
326,0.934913313511584213284493379045282071959431145061508808389511,1.04674566567557921066422466895226410359797155725307544041948,0.936366637172855383929974810276580133691231063557932859515044
327,0.936366637172855383929974810276580133691231063557932859515044,1.04681833185864276919649874051382900668456155317789664297575,0.937789619464746015896738798027357467112034749872265602053571
328,0.937789619464746015896738798027357467112034749872265602053571,1.04688948097323730079483693990136787335560173749361328010268,0.939182800171717038737916165186604023522894208468734210607309
329,0.939182800171717038737916165186604023522894208468734210607309,1.04695914000858585193689580825933020117614471042343671053037,0.940546713667731344650465908363690722528706314378838453791695
330,0.940546713667731344650465908363690722528706314378838453791695,1.04702733568338656723252329541818453612643531571894192268958,0.941881888767053472265626628747134766227397444541277281459248
331,0.941881888767053472265626628747134766227397444541277281459248,1.04709409443835267361328133143735673831136987222706386407296,0.943188848587341242151260144734801698591652214421331358685267
332,0.943188848587341242151260144734801698591652214421331358685267,1.04715944242936706210756300723674008492958261072106656793426,0.944468110424571942564562043858699886131816339297595039954294
333,0.944468110424571942564562043858699886131816339297595039954294,1.04722340552122859712822810219293499430659081696487975199771,0.945720185639351587070559191058135833654640791626403310346040
334,0.945720185639351587070559191058135833654640791626403310346040,1.04728600928196757935352795955290679168273203958132016551730,0.946945579554162328732448754301805376515013766986391531835576
335,0.946945579554162328732448754301805376515013766986391531835576,1.04734727897770811643662243771509026882575068834931957659178,0.948144791361110252749087443005666209972739600215521921434535
336,0.948144791361110252749087443005666209972739600215521921434535,1.04740723956805551263745437215028331049863698001077609607173,0.949318314039743418093887484904392338980663249907980682343532
337,0.949318314039743418093887484904392338980663249907980682343532,1.04746591570198717090469437424521961694903316249539903411718,0.950466634284518119654951074925918798650718201619071897171665
338,0.950466634284518119654951074925918798650718201619071897171665,1.04752333171422590598274755374629593993253591008095359485859,0.951590232441499839618853882768992576808471212115805346471997
339,0.951590232441499839618853882768992576808471212115805346471997,1.04757951162207499198094269413844962884042356060579026732360,0.952689582453894197620869471025578634551689287710124010921862
340,0.952689582453894197620869471025578634551689287710124010921862,1.04763447912269470988104347355127893172758446438550620054609,0.953765151816012343881638573416361779075956193268192519321091
341,0.953765151816012343881638573416361779075956193268192519321091,1.04768825759080061719408192867081808895379780966340962596606,0.954817401535284621601554787551472886241241763652995144287149
342,0.954817401535284621601554787551472886241241763652995144287149,1.04774087007676423108007773937757364431206208818264975721436,0.955846786101945910698244244899103274010273064008840315303556
343,0.955846786101945910698244244899103274010273064008840315303556,1.04779233930509729553491221224495516370051365320044201576518,0.956853753466025813837701724064921117715476151283280733615741
344,0.956853753466025813837701724064921117715476151283280733615741,1.04784268767330129069188508620324605588577380756416403668079,0.957838745021286719697095344164139091940766176798555191063922
345,0.957838745021286719697095344164139091940766176798555191063922,1.04789193725106433598485476720820695459703830883992775955319,0.958802195595762742261137056791146816098993644462653924746377
346,0.958802195595762742261137056791146816098993644462653924746377,1.04794010977978813711305685283955734080494968222313269623732,0.959744533448562556028861961065162032586996853086871794957598
347,0.959744533448562556028861961065162032586996853086871794957598,1.04798722667242812780144309805325810162934984265434358974788,0.960666180272609195104444729125007620961751878846251678229233
348,0.960666180272609195104444729125007620961751878846251678229233,1.04803330901363045975522223645625038104808759394231258391146,0.961567551202999931445887599042080914492108477326038920413629
349,0.961567551202999931445887599042080914492108477326038920413629,1.04807837756014999657229437995210404572460542386630194602068,0.962449054830679368495674537414838911538069860500819449856053
350,0.962449054830679368495674537414838911538069860500819449856053,1.04812245274153396842478372687074194557690349302504097249280,0.963311093221128857623913980153047372499749659591114426484003
351,0.963311093221128857623913980153047372499749659591114426484003,1.04816555466105644288119569900765236862498748297955572132420,0.964154061937785244937807434347023090922288466776304821791756
352,0.964154061937785244937807434347023090922288466776304821791756,1.04820770309688926224689037171735115454611442333881524108958,0.964978350069911765663085117521969719909459195224701346370370
353,0.964978350069911765663085117521969719909459195224701346370370,1.04824891750349558828315425587609848599547295976123506731852,0.965784340264653604943654976200099976622515307970052066753759
354,0.965784340264653604943654976200099976622515307970052066753759,1.04828921701323268024718274881000499883112576539850260333769,0.966572408763020221743865891009526641780961613376816796741176
355,0.966572408763020221743865891009526641780961613376816796741176,1.04832862043815101108719329455047633208904808066884083983706,0.967342925439545972432594801807599330934830618336256341495633
356,0.967342925439545972432594801807599330934830618336256341495633,1.04836714627197729862162974009037996654674153091681281707478,0.968096253845389859993663711117283487413234276647607572060884
357,0.968096253845389859993663711117283487413234276647607572060884,1.04840481269226949299968318555586417437066171383238037860304,0.968832751254644362518468295505148000955128346844550212302103
358,0.968832751254644362518468295505148000955128346844550212302103,1.04844163756273221812592341477525740004775641734222751061511,0.969552768713632250941373920443667431193131525224628792010012
359,0.969552768713632250941373920443667431193131525224628792010012,1.04847763843568161254706869602218337155965657626123143960050,0.970256651092979082408094523693296763609625549685375850500952
360,0.970256651092979082408094523693296763609625549685375850500952,1.04851283255464895412040472618466483818048127748426879252505,0.970944737142257644953996202245790061765630229732762268930365
361,0.970944737142257644953996202245790061765630229732762268930365,1.04854723685711288224769981011228950308828151148663811344652,0.971617359547009025164623431160900938904544415479621273550075
362,0.971617359547009025164623431160900938904544415479621273550075,1.04858086797735045125823117155804504694522722077398106367750,0.972274844987953168088081752120596913088550149541869893499776
363,0.972274844987953168088081752120596913088550149541869893499776,1.04861374224939765840440408760602984565442750747709349467498,0.972917514202209793728916891349095613798018314182924653888064
364,0.972917514202209793728916891349095613798018314182924653888064,1.04864587571011048968644584456745478068990091570914623269440,0.973545682046358323732649161824715853553604658233238628306670
365,0.973545682046358323732649161824715853553604658233238628306670,1.04867728410231791618663245809123579267768023291166193141534,0.974159657561173052954211195789565774264514657273355500049427
366,0.974159657561173052954211195789565774264514657273355500049427,1.04870798287805865264771055978947828871322573286366777500247,0.974759744037877171840758975370379749134878188762560505244954
367,0.974759744037877171840758975370379749134878188762560505244954,1.04873798720189385859203794876851898745674390943812802526225,0.975346239085766406000227365480740797425375068590685866416668
368,0.975346239085766406000227365480740797425375068590685866416668,1.04876731195428832030001136827403703987126875342953429332083,0.975919434701059988665731041743072494349810664373871000630062
369,0.975919434701059988665731041743072494349810664373871000630062,1.04879597173505299943328655208715362471749053321869355003151,0.976479617336843420284918449881177963567305408744583505729403
370,0.976479617336843420284918449881177963567305408744583505729403,1.04882398086684217101424592249405889817836527043722917528647,0.977027067973973997981124072431378551542479307604854193400502
371,0.977027067973973997981124072431378551542479307604854193400502,1.04885135339869869989905620362156892757712396538024270967003,0.977562062192826417454729326589042975937933806885894216024053
372,0.977562062192826417454729326589042975937933806885894216024053,1.04887810310964132087273646632945214879689669034429471080120,0.978084870245761862763759709811987674102013469456033373795282
373,0.978084870245761862763759709811987674102013469456033373795282,1.04890424351228809313818798549059938370510067347280166868977,0.978595757130209907484013867440315540509559682308282673648963
374,0.978595757130209907484013867440315540509559682308282673648963,1.04892978785651049537420069337201577702547798411541413368245,0.979094982662258256497823859536123642929068486398074954533811
375,0.979094982662258256497823859536123642929068486398074954533811,1.04895474913311291282489119297680618214645342431990374772668,0.979582801550650863910540377314668730939977494626272160096017
376,0.979582801550650863910540377314668730939977494626272160096017,1.04897914007753254319552701886573343654699887473131360800480,0.980059463471100272439406209329836314742981051054035255594360
377,0.980059463471100272439406209329836314742981051054035255594360,1.04900297317355501362197031046649181573714905255270176277972,0.980525213140825136402072341973922156407638883384507172293486
378,0.980525213140825136402072341973922156407638883384507172293486,1.04902626065704125682010361709869610782038194416922535861467,0.980980290393228817708741118263658777933783410266341929934288
379,0.980980290393228817708741118263658777933783410266341929934288,1.04904901451966144088543705591318293889668917051331709649672,0.981424930252639685776362557001779656234591916017375982264234
380,0.981424930252639685776362557001779656234591916017375982264234,1.04907124651263198428881812785008898281172959580086879911321,0.981859363009038311938351820280696857944695393298794778002037
381,0.981859363009038311938351820280696857944695393298794778002037,1.04909296815045191559691759101403484289723476966493973890011,0.982283814292701130755980994218938433466261728672204184182371
382,0.982283814292701130755980994218938433466261728672204184182371,1.04911419071463505653779904971094692167331308643361020920912,0.982698505148694348795844098809458195862235864694490338986740
383,0.982698505148694348795844098809458195862235864694490338986740,1.04913492525743471743979220494047290979311179323472451694934,0.983103652111155920158897559456872757425465150493004400106384
384,0.983103652111155920158897559456872757425465150493004400106384,1.04915518260555779600794487797284363787127325752465022000531,0.983499467277307281637414071716201204023723885109039824632066
385,0.983499467277307281637414071716201204023723885109039824632066,1.04917497336386536408187070358581006020118619425545199123161,0.983886158381140253195008290634317447150733981985796262468009
386,0.983886158381140253195008290634317447150733981985796262468009,1.04919430791905701265975041453171587235753669909928981312340,0.984263928866728065904641068799217106619194983467287452647492
387,0.984263928866728065904641068799217106619194983467287452647492,1.04921319644333640329523205343996085533095974917336437263238,0.984632977961112883952558963810956798137864377596454392706273
388,0.984632977961112883952558963810956798137864377596454392706273,1.04923164889805564419762794819054783990689321887982271963531,0.984993500746725444240366952800791510299705554515147529220077
389,0.984993500746725444240366952800791510299705554515147529220077,1.04924967503733627221201834764003957551498527772575737646101,0.985345688233295550903618727673660409152092742983950571165268
390,0.985345688233295550903618727673660409152092742983950571165268,1.04926728441166477754518093638368302045760463714919752855827,0.985689727429215137105594960852239725424374530277166305283281
391,0.985689727429215137105594960852239725424374530277166305283281,1.04928448637146075685527974804261198627121872651385831526416,0.986025801412318447122528953508217756603421949691420696124746
392,0.986025801412318447122528953508217756603421949691420696124746,1.04930129007061592235612644767541088783017109748457103480624,0.986354089400046602336373980864151515200451156095739793072965
393,0.986354089400046602336373980864151515200451156095739793072965,1.04931770447000233011681869904320757576002255780478698965365,0.986674766818966399571633716885019515223234517509905039190268
394,0.986674766818966399571633716885019515223234517509905039190268,1.04933373834094831997858168584425097576116172587549525195952,0.986988005373615653478118520742798710213929088181668962371954
395,0.986988005373615653478118520742798710213929088181668962371954,1.04934940026868078267390592603713993551069645440908344811859,0.987293973114649740535463067406966192086876119509503322281398
396,0.987293973114649740535463067406966192086876119509503322281398,1.04936469865573248702677315337034830960434380597547516611406,0.987592834506266234835162839115949037965442592714017167619199
397,0.987592834506266234835162839115949037965442592714017167619199,1.04937964172531331174175814195579745189827212963570085838096,0.987884750492886649107614898696031457510252019136407227931555
398,0.987884750492886649107614898696031457510252019136407227931555,1.04939423752464433245538074493480157287551260095682036139657,0.988169878565076312455192451995237329658715743663991300850475
399,0.988169878565076312455192451995237329658715743663991300850475,1.04940849392825381562275962259976186648293578718319956504253,0.988448372824685332798149645422417180784255293623183443052770
400,0.988448372824685332798149645422417180784255293623183443052770,1.04942241864123426663990748227112085903921276468115917215264,0.988720384049195410925767926800841661155976388606415121141874
401,0.988720384049195410925767926800841661155976388606415121141874,1.04943601920245977054628839634004208305779881943032075605709,0.988986059755258997972817989469039291606737287511914354738125
402,0.988986059755258997972817989469039291606737287511914354738125,1.04944930298776294989864089947345196458033686437559571773691,0.989245544261418922725744466645547231933030919176677288627967
403,0.989245544261418922725744466645547231933030919176677288627967,1.04946227721307094613628722333227736159665154595883386443140,0.989498978749998162929329047859312146354501603409176542652786
404,0.989498978749998162929329047859312146354501603409176542652786,1.04947494893749990814646645239296560731772508017045882713264,0.989746501328150899147731851852507972806030313920537228710773
405,0.989746501328150899147731851852507972806030313920537228710773,1.04948732506640754495738659259262539864030151569602686143553,0.989988247088067374077057688125574271543462458890893315536914
406,0.989988247088067374077057688125574271543462458890893315536914,1.04949941235440336870385288440627871357717312294454466577685,0.990224348166326387761213006178755205343428144196953265769725
407,0.990224348166326387761213006178755205343428144196953265769725,1.04951121740831631938806065030893776026717140720984766328848,0.990454933802390493087792995165516346821930361077026675303539
408,0.990454933802390493087792995165516346821930361077026675303539,1.04952274669011952465438964975827581734109651805385133376518,0.990680130396240119302794934623928527480493247582868473511160
409,0.990680130396240119302794934623928527480493247582868473511160,1.04953400651981200596513974673119642637402466237914342367555,0.990900061565143947056859285667426931152880773058839019673231
410,0.990900061565143947056859285667426931152880773058839019673231,1.04954500307825719735284296428337134655764403865294195098367,0.991114848199563889564819665059701279979924463258751425695601
411,0.991114848199563889564819665059701279979924463258751425695601,1.04955574240997819447824098325298506399899622316293757128478,0.991324608518194003617212169485293456616070115547304904622094
412,0.991324608518194003617212169485293456616070115547304904622094,1.04956623042590970018086060847426467283080350577736524523111,0.991529458122133564129874567687668393735302348478569786654005
413,0.991529458122133564129874567687668393735302348478569786654005,1.04957647290610667820649372838438341968676511742392848933270,0.991729510048195389269964139885378364223188333756876412646081
414,0.991729510048195389269964139885378364223188333756876412646081,1.04958647550240976946349820699426891821115941668784382063231,0.991924874821351302480260073739824279481105086097845499042812
415,0.991924874821351302480260073739824279481105086097845499042812,1.04959624374106756512401300368699121397405525430489227495214,0.992115660506317365378981160805414719641786430475586176676096
416,0.992115660506317365378981160805414719641786430475586176676096,1.04960578302531586826894905804027073598208932152377930883380,0.992301972758282213895366013444586906884774887888500736226371
417,0.992301972758282213895366013444586906884774887888500736226371,1.04961509863791411069476830067222934534423874439442503681132,0.992483914872782481384653895005069234072767965205045601661648
418,0.992483914872782481384653895005069234072767965205045601661648,1.04962419574363912406923269475025346170363839826025228008309,0.992661587834729899041137680841636640213629528881672228656480
419,0.992661587834729899041137680841636640213629528881672228656480,1.04963307939173649495205688404208183201068147644408361143282,0.992835090366595227806166612474889208296386973521197379520972
420,0.992835090366595227806166612474889208296386973521197379520972,1.04964175451832976139030833062374446041481934867605986897605,0.993004518975754699182922406638770816783483695988831866217065
421,0.993004518975754699182922406638770816783483695988831866217065,1.04965022594878773495914612033193854083917418479944159331085,0.993169968001005126878904117653848032234192897601556612859772
422,0.993169968001005126878904117653848032234192897601556612859772,1.04965849840005025634394520588269240161170964488007783064299,0.993331529658254298883480063734926826401562755006264242897222
423,0.993331529658254298883480063734926826401562755006264242897222,1.04966657648291271494417400318674634132007813775031321214486,0.993489294085393672262351502802721059468046060052217470925623
424,0.993489294085393672262351502802721059468046060052217470925623,1.04967446470426968361311757514013605297340230300261087354629,0.993643349386360772353590755371875955947418310475798948069369
425,0.993643349386360772353590755371875955947418310475798948069369,1.04968216746931803861767953776859379779737091552378994740346,0.993793781674399045852771373416151062857641499258923013664424
426,0.993793781674399045852771373416151062857641499258923013664424,1.04968968908371995229263856867080755314288207496294615068322,0.993940675114523235082669326811218217837196367891489886935774
427,0.993940675114523235082669326811218217837196367891489886935774,1.04969703375572616175413346634056091089185981839457449434679,0.994084111965198630096443006069574301441810978353818342230528
428,0.994084111965198630096443006069574301441810978353818342230528,1.04970420559825993150482215030347871507209054891769091711153,0.994224172619242817639669861614643425934594220341223436336259
429,0.994224172619242817639669861614643425934594220341223436336259,1.04971120863096214088198349308073217129672971101706117181681,0.994360935643958782812825882376561603922668352153869052923931
430,0.994360935643958782812825882376561603922668352153869052923931,1.04971804678219793914064129411882808019613341760769345264620,0.994494477820508431889456988809229572571682717477864643290708
431,0.994494477820508431889456988809229572571682717477864643290708,1.04972472389102542159447284944046147862858413587389323216454,0.994624874182535794457020307800453372738773597746972637613537
432,0.994624874182535794457020307800453372738773597746972637613537,1.04973124370912678972285101539002266863693867988734863188068,0.994752198054049331102528971282441637207249869446453493701324
433,0.994752198054049331102528971282441637207249869446453493701324,1.04973760990270246655512644856412208186036249347232267468506,0.994876521086572920455654653982825334077710983290559333399079
434,0.994876521086572920455654653982825334077710983290559333399079,1.04974382605432864602278273269914126670388554916452796666995,0.994997913295575227668142715552134848658189642546478718634696
435,0.994997913295575227668142715552134848658189642546478718634696,1.04974989566477876138340713577760674243290948212732393593174,0.995116443096187266440736699695580967549734641741647384534341
436,0.995116443096187266440736699695580967549734641741647384534341,1.04975582215480936332203683498477904837748673208708236922672,0.995232177338218059549635326404172217049579068982618978709916
437,0.995232177338218059549635326404172217049579068982618978709916,1.04976160886691090297748176632020861085247895344913094893550,0.995345181340478379469742914449838377862908087422502872825114
438,0.995345181340478379469742914449838377862908087422502872825114,1.04976725906702391897348714572249191889314540437112514364126,0.995455518924422612092799535084260211752896580176143168626986
439,0.995455518924422612092799535084260211752896580176143168626986,1.04977277594622113060463997675421301058764482900880715843135,0.995563252447118833602943840942548284350341825782864784102559
440,0.995563252447118833602943840942548284350341825782864784102559,1.04977816262235594168014719204712741421751709128914323920513,0.995668442833557224166890882967678895901290820805280038395580
441,0.995668442833557224166890882967678895901290820805280038395580,1.04978342214167786120834454414838394479506454104026400191978,0.995771149608306963047239701281088557650537107135531690890289
442,0.995771149608306963047239701281088557650537107135531690890289,1.04978855748041534815236198506405442788252685535677658454451,0.995871430926531758843532034550601146822821355902502724684577
443,0.995871430926531758843532034550601146822821355902502724684577,1.04979357154632658794217660172753005734114106779512513623423,0.995969343604374166557637457968936869485783915415482216974129
444,0.995969343604374166557637457968936869485783915415482216974129,1.04979846718021870832788187289844684347428919577077411084870,0.996064943148718830783348854569587788353724613583005434325910
445,0.996064943148718830783348854569587788353724613583005434325910,1.04980324715743594153916744272847938941768623067915027171630,0.996158283786344772216067753048418208606276686228416068972948
446,0.996158283786344772216067753048418208606276686228416068972948,1.04980791418931723861080338765242091043031383431142080344865,0.996249418492476803515650345255661060274838189055723232699646
447,0.996249418492476803515650345255661060274838189055723232699646,1.04981247092462384017578251726278305301374190945278616163499,0.996338399018746120950867679530343046392364455147005788587072
448,0.996338399018746120950867679530343046392364455147005788587072,1.04981691995093730604754338397651715231961822275735028942936,0.996425275920570070794261553920290280589854463211216868776957
449,0.996425275920570070794261553920290280589854463211216868776957,1.04982126379602850353971307769601451402949272316056084343885,0.996510098583961034679194668307818506678381669705797717860342
450,0.996510098583961034679194668307818506678381669705797717860342,1.04982550492919805173395973341539092533391908348528988589302,0.996592915251774316606525441637040866095977637579376546362951
451,0.996592915251774316606525441637040866095977637579376546362951,1.04982964576258871583032627208185204330479888187896882731815,0.996673773049404846499846313990031950255277890569940964181773
452,0.996673773049404846499846313990031950255277890569940964181773,1.04983368865247024232499231569950159751276389452849704820908,0.996752718009942441633322781113750541871623630604956725828167
453,0.996752718009942441633322781113750541871623630604956725828167,1.04983763590049712208166613905568752709358118153024783629142,0.996829795098795288348102285865890718049021080733932197834866
454,0.996829795098795288348102285865890718049021080733932197834866,1.04984148975493976441740511429329453590245105403669660989174,0.996905048237791222661842337547024407036724736819177055086282
455,0.996905048237791222661842337547024407036724736819177055086282,1.04984525241188956113309211687735122035183623684095885275431,0.996978520328766300068527656712675043094605514189223625518265
456,0.996978520328766300068527656712675043094605514189223625518265,1.04984892601643831500342638283563375215473027570946118127592,0.997050253276650052408345492406674042774931033868836887935556
457,0.997050253276650052408345492406674042774931033868836887935556,1.04985251266383250262041727462033370213874655169344184439678,0.997120288012056733525387648442246902508815920237163133692461
458,0.997120288012056733525387648442246902508815920237163133692461,1.04985601440060283667626938242211234512544079601185815668463,0.997188664513391755870152307810468329551270058904571733942362
459,0.997188664513391755870152307810468329551270058904571733942362,1.04985943322566958779350761539052341647756350294522858669712,0.997255421828482417571286208584511098995329311318498359647562
460,0.997255421828482417571286208584511098995329311318498359647562,1.04986277109142412087856431042922555494976646556592491798238,0.997320598095741914105884910162530721393892087303709360941721
461,0.997320598095741914105884910162530721393892087303709360941721,1.04986602990478709570529424550812653606969460436518546804708,0.997384230564875520831996740945584509296065921140640315143521
462,0.997384230564875520831996740945584509296065921140640315143521,1.04986921152824377604159983704727922546480329605703201575717,0.997446355617137722586464175310919655360381889843950775112599
463,0.997446355617137722586464175310919655360381889843950775112599,1.04987231778085688612932320876554598276801909449219753875564,0.997507008785148954556008056231845224384165024665086830432242
464,0.997507008785148954556008056231845224384165024665086830432242,1.04987535043925744772780040281159226121920825123325434152162,0.997566224772280504944768078132344481897403819390194903262622
465,0.997566224772280504944768078132344481897403819390194903262622,1.04987831123861402524723840390661722409487019096950974516313,0.997624037471616014818427747559083930542756349492510783433334
466,0.997624037471616014818427747559083930542756349492510783433334,1.04988120187358080074092138737795419652713781747462553917166,0.997680479984497894121122667025317892984964357309538640612017
467,0.997680479984497894121122667025317892984964357309538640612017,1.04988402399922489470605613335126589464924821786547693203060,0.997735584638666855441219565720970168523302875798688518331592
468,0.997735584638666855441219565720970168523302875798688518331592,1.04988677923193334277206097828604850842616514378993442591658,0.997789383006002648838144317798753196055877907833348846858661
469,0.997789383006002648838144317798753196055877907833348846858661,1.04988946915030013244190721588993765980279389539166744234294,0.997841905919873962115421060911647433884341383702169693394652
470,0.997841905919873962115421060911647433884341383702169693394652,1.04989209529599369810577105304558237169421706918510848466973,0.997893183492105331504519276746473229070104418481250230739963
471,0.997893183492105331504519276746473229070104418481250230739963,1.04989465917460526657522596383732366145350522092406251153700,0.997943245129568787968953529434198878350393419783341616557555
472,0.997943245129568787968953529434198878350393419783341616557555,1.04989716225647843939844767647170994391751967098916708082788,0.997992119550407844397223129883119116270400231319024485601551
473,0.997992119550407844397223129883119116270400231319024485601551,1.04989960597752039221986115649415595581352001156595122428008,0.998039834799901308965910903506747535495590429655760897120164
474,0.998039834799901308965910903506747535495590429655760897120164,1.04990199173999506544829554517533737677477952148278804485601,0.998086418265974290050761722122686072821869723747970709249464
475,0.998086418265974290050761722122686072821869723747970709249464,1.04990432091329871450253808610613430364109348618739853546247,0.998131896694363638365351005038719289268542604854335696170285
476,0.998131896694363638365351005038719289268542604854335696170285,1.04990659483471818191826755025193596446342713024271678480851,0.998176296203444952627320987818302853884185603045041923837709
477,0.998176296203444952627320987818302853884185603045041923837709,1.04990881481017224763136604939091514269420928015225209619189,0.998219642298728156096584277160072112736771663505439222729383
478,0.998219642298728156096584277160072112736771663505439222729383,1.04991098211493640780482921385800360563683858317527196113647,0.998261959887028532896428829545140815917087399702122578281765
479,0.998261959887028532896428829545140815917087399702122578281765,1.04991309799435142664482144147725704079585436998510612891409,0.998303273290319995208126768577997214039266150411713805156950
480,0.998303273290319995208126768577997214039266150411713805156950,1.04991516366451599976040633842889986070196330752058569025786,0.998343606259277235306796757424323710268675117645893343303682
481,0.998343606259277235306796757424323710268675117645893343303682,1.04991718031296386176533983787121618551343375588229466716518,0.998382981986513300058912524084249488269626147185814404168140
482,0.998382981986513300058912524084249488269626147185814404168140,1.04991914909932566500294562620421247441348130735929072020840,0.998421423119519010002007498466415939347601705219744769268740
483,0.998421423119519010002007498466415939347601705219744769268740,1.04992107115597595050010037492332079696738008526098723846344,0.998458951773310530541134927819838272356411242841683072317539
484,0.998458951773310530541134927819838272356411242841683072317539,1.04992294758866552652705674639099191361782056214208415361588,0.998495589542791289185462590031137768285333642293220167606655
485,0.998495589542791289185462590031137768285333642293220167606655,1.04992477947713956445927312950155688841426668211466100838033,0.998531357514834320167878723621802417099315463993920740000909
486,0.998531357514834320167878723621802417099315463993920740000909,1.04992656787574171600839393618109012085496577319969603700005,0.998566276280091006291712757037641113436596059820736603137992
487,0.998566276280091006291712757037641113436596059820736603137992,1.04992831381400455031458563785188205567182980299103683015689,0.998600365944532077478129468600800439935534498329316104259388
488,0.998600365944532077478129468600800439935534498329316104259388,1.04993001829722660387390647343004002199677672491646580521296,0.998633646140726616287634329486584010962279154245574310102463
489,0.998633646140726616287634329486584010962279154245574310102463,1.04993168230703633081438171647432920054811395771227871550512,0.998666136038864712697563163152799909489570391367318166440341
490,0.998666136038864712697563163152799909489570391367318166440341,1.04993330680194323563487815815763999547447851956836590832201,0.998697854357529303668716963432675666191629476319319563728297
491,0.998697854357529303668716963432675666191629476319319563728297,1.04993489271787646518343584817163378330958147381596597818641,0.998728819374222627559119680573680376402835336598162896228952
492,0.998728819374222627559119680573680376402835336598162896228952,1.04993644096871113137795598402868401882014176682990814481145,0.998759048935652619268487533724125257393834230419952152283386
493,0.998759048935652619268487533724125257393834230419952152283386,1.04993795244678263096342437668620626286969171152099760761417,0.998788560467784469147451962224236039091257868328804676426095
494,0.998788560467784469147451962224236039091257868328804676426095,1.04993942802338922345737259811121180195456289341644023382131,0.998817370985662467201895700611549101597782160162910480259936
495,0.998817370985662467201895700611549101597782160162910480259936,1.04994086854928312336009478503057745507988910800814552401300,0.998845497103007153983114137579987328679915901662873132329194
496,0.998845497103007153983114137579987328679915901662873132329194,1.04994227485515035769915570687899936643399579508314365661646,0.998872955041592700794393898730074519104680867013622488981872
497,0.998872955041592700794393898730074519104680867013622488981872,1.04994364775207963503971969493650372595523404335068112444909,0.998899760640409344476981181505843019578164589320480181394919
498,0.998899760640409344476981181505843019578164589320480181394919,1.04994498803202046722384905907529215097890822946602400906975,0.998925929364615606073903056039165358365919247885472695371303
499,0.998925929364615606073903056039165358365919247885472695371303,1.04994629646823078030369515280195826791829596239427363476856,0.998951476314284928117096715120877874358557930550666896454037
500,0.998951476314284928117096715120877874358557930550666896454037,1.04994757381571424640585483575604389371792789652753334482270,0.998976416232951272148106079741143161113151962273516975226317
